{
  "model_type": "SoilMoistureLSTM",
  "created_at": "2026-01-19T01:24:41.167598",
  "config": {
    "input_size": 5,
    "hidden_size": 64,
    "num_layers": 2,
    "sequence_length": 24,
    "forecast_horizon": 24,
    "feature_cols": [
      "soil_moisture",
      "soil_temp_surface",
      "soil_temp_10cm",
      "hour",
      "day_of_year"
    ]
  },
  "feature_scaler": {
    "min": [
      0.295,
      0.9,
      3.8,
      0.0,
      1.0
    ],
    "max": [
      0.439,
      18.0,
      12.9,
      23.0,
      31.0
    ],
    "scale": [
      6.944444444444444,
      0.05847953216374269,
      0.10989010989010987,
      0.043478260869565216,
      0.03333333333333333
    ]
  },
  "target_scaler": {
    "min": [
      0.295
    ],
    "max": [
      0.439
    ],
    "scale": [
      6.944444444444444
    ]
  }
}